{"Loss": 1.673703670501709, "Accuracy": 46.263885498046875, "_runtime": 971, "_timestamp": 1628236200, "_step": 3764, "Iteration": 1882, "Iterations": 160000}