{"Loss": 0.296536922454834, "Accuracy": 83.66584777832031, "_runtime": 1023, "_timestamp": 1628236252, "_step": 3964, "Iteration": 1982, "Iterations": 160000}